hero_a	1536x1024	design/ref/ref_jeongcheol.png
hero_b	1536x1024	design/ref/ref_jeongcheol.png
hero_c	1536x1024	design/ref/ref_jeongcheol.png
hero_horse	1536x1024	design/ref/ref_jeongcheol.png
enemies	1536x1024	
tiles	1536x1024	
props_items	1024x1024	
props_build	1536x1024	
npcs	1536x1024	
boss_libai	1536x1024	
boss_whale	1536x1024	
dragon	1536x1024	
portrait_hero	1024x1024	
portrait_others	1024x1024	
title_art	1536x1024	
logo	1536x1024	
paper	1024x1024	
map_icons	1536x1024	
bg_bamboo	1536x1024	
bg_palace	1536x1024	
bg_road	1536x1024	
bg_ruins	1536x1024	
bg_waterfall	1536x1024	
bg_peaks	1536x1024	
bg_dragonpool	1536x1024	
bg_cliff	1536x1024	
bg_coast	1536x1024	
bg_sunrise	1536x1024	
bg_lake	1536x1024	
bg_river	1536x1024	
bg_stormsea	1536x1024	
bg_moonsea	1536x1024	
bg_heaven	1536x1024	
